route_id,scheduled_time,actual_time,weather,passenger_count,latitude,longitude,scheduled_dt,actual_dt,scheduled_hour,scheduled_dayofweek,day_type,time_of_day,weather_severity,route_frequency,delay_minutes,actual_dt_filled,scheduled_time_iso,actual_time_iso
R03,1/1/2025 0:00,1:22 AM,sunny,59.0,24.417358065000002,32.529663575,2025-01-01 00:00:00,2025-01-01 01:22:00,0,2,weekday,night,1,137,82.0,2025-01-01 01:22:00,2025-01-01 00:00:00,2025-01-01 01:22:00
R04,1/1/2025 1:00,12:00 AM,sunny,68.0,24.64387847,32.63629561,2025-01-01 01:00:00,2025-01-01 00:00:00,1,2,weekday,night,1,48,-60.0,2025-01-01 00:00:00,2025-01-01 01:00:00,2025-01-01 00:00:00
R03,1/1/2025 2:00,12:00 AM,sunny,59.0,24.363132,31.18681932,2025-01-01 02:00:00,2025-01-01 00:00:00,2,2,weekday,night,1,137,-96.0,2025-01-01 00:24:00,2025-01-01 02:00:00,2025-01-01 00:24:00
R04,1/1/2025 3:00,12:00 AM,cloudy,36.0,25.53307125,32.53750795,2025-01-01 03:00:00,2025-01-01 00:00:00,3,2,weekday,night,2,48,-96.0,2025-01-01 01:24:00,2025-01-01 03:00:00,2025-01-01 01:24:00
R04,1/1/2025 4:00,04.56AM,cloudy,76.0,23.29424774,33.41921085,2025-01-01 04:00:00,2025-01-01 04:56:00,4,2,weekday,night,2,48,56.0,2025-01-01 04:56:00,2025-01-01 04:00:00,2025-01-01 04:56:00
R02,1/1/2025 5:00,05.43AM,sunny,66.0,24.46472341,32.37771963,2025-01-01 05:00:00,2025-01-01 05:43:00,5,2,weekday,morning,1,46,43.0,2025-01-01 05:43:00,2025-01-01 05:00:00,2025-01-01 05:43:00
R03,1/1/2025 6:00,08.43AM,cloudy,61.0,23.45014599,31.15586973,2025-01-01 06:00:00,2025-01-01 08:43:00,6,2,weekday,morning,2,137,163.0,2025-01-01 08:43:00,2025-01-01 06:00:00,2025-01-01 08:43:00
R03,1/1/2025 7:00,12:00 AM,cloudy,59.0,23.97402778,33.3588346,2025-01-01 07:00:00,,7,2,weekday,morning,2,137,53.0,2025-01-01 07:53:00,2025-01-01 07:00:00,2025-01-01 07:53:00
R03,1/1/2025 8:00,10.24AM,sunny,76.0,25.21207123,31.60409135,2025-01-01 08:00:00,2025-01-01 10:24:00,8,2,weekday,morning,1,137,144.0,2025-01-01 10:24:00,2025-01-01 08:00:00,2025-01-01 10:24:00
R04,1/1/2025 9:00,9:06 AM,sunny,68.0,24.42805439,31.7758625,2025-01-01 09:00:00,2025-01-01 09:06:00,9,2,weekday,morning,1,48,6.0,2025-01-01 09:06:00,2025-01-01 09:00:00,2025-01-01 09:06:00
R03,1/1/2025 10:00,12:00 AM,cloudy,91.0,24.12766486,31.49411906,2025-01-01 10:00:00,,10,2,weekday,morning,2,137,53.0,2025-01-01 10:53:00,2025-01-01 10:00:00,2025-01-01 10:53:00
R03,1/1/2025 11:00,12:00 AM,sunny,47.0,24.18342884,31.99064519,2025-01-01 11:00:00,,11,2,weekday,morning,1,137,53.0,2025-01-01 11:53:00,2025-01-01 11:00:00,2025-01-01 11:53:00
R04,1/1/2025 12:00,2:21 PM,cloudy,44.0,24.37834031,33.27025452,2025-01-01 12:00:00,2025-01-01 14:21:00,12,2,weekday,afternoon,2,48,141.0,2025-01-01 14:21:00,2025-01-01 12:00:00,2025-01-01 14:21:00
R02,1/1/2025 13:00,,cloudy,66.0,25.35504963,32.55815758,2025-01-01 13:00:00,,13,2,weekday,afternoon,2,46,70.0,2025-01-01 14:10:00,2025-01-01 13:00:00,2025-01-01 14:10:00
R03,1/1/2025 14:00,,cloudy,59.0,25.67625407,31.61464382,2025-01-01 14:00:00,,14,2,weekday,afternoon,2,137,87.0,2025-01-01 15:27:00,2025-01-01 14:00:00,2025-01-01 15:27:00
R02,1/1/2025 15:00,3:09 PM,cloudy,66.0,25.86600406,33.63349023,2025-01-01 15:00:00,2025-01-01 15:09:00,15,2,weekday,afternoon,2,46,9.0,2025-01-01 15:09:00,2025-01-01 15:00:00,2025-01-01 15:09:00
R03,1/1/2025 16:00,,sunny,59.0,25.36071016,33.63874556,2025-01-01 16:00:00,,16,2,weekday,afternoon,1,137,87.0,2025-01-01 17:27:00,2025-01-01 16:00:00,2025-01-01 17:27:00
R04,1/1/2025 17:00,12:00 AM,rainy,68.0,23.94622069,33.61173528,2025-01-01 17:00:00,,17,2,weekday,evening,3,48,75.5,2025-01-01 18:15:30,2025-01-01 17:00:00,2025-01-01 18:15:30
R01,1/1/2025 18:00,07.21PM,sunny,53.0,25.06440412,31.71638863,2025-01-01 18:00:00,2025-01-01 19:21:00,18,2,weekday,evening,1,69,81.0,2025-01-01 19:21:00,2025-01-01 18:00:00,2025-01-01 19:21:00
R03,1/1/2025 19:00,,sunny,59.0,24.31280937,32.35371803,2025-01-01 19:00:00,,19,2,weekday,evening,1,137,121.0,2025-01-01 21:01:00,2025-01-01 19:00:00,2025-01-01 21:01:00
R02,1/1/2025 20:00,12:00 AM,sunny,66.0,23.76401187,33.95496897,2025-01-01 20:00:00,,20,2,weekday,evening,1,46,123.0,2025-01-01 22:03:00,2025-01-01 20:00:00,2025-01-01 22:03:00
R04,1/1/2025 21:00,09.52PM,cloudy,68.0,25.52261474,33.31603743,2025-01-01 21:00:00,2025-01-01 21:52:00,21,2,weekday,evening,2,48,52.0,2025-01-01 21:52:00,2025-01-01 21:00:00,2025-01-01 21:52:00
R03,1/1/2025 22:00,10.47PM,sunny,104.0,23.11527905,31.08150226,2025-01-01 22:00:00,2025-01-01 22:47:00,22,2,weekday,night,1,137,47.0,2025-01-01 22:47:00,2025-01-01 22:00:00,2025-01-01 22:47:00
R01,1/1/2025 23:00,,sunny,97.0,25.70528598,31.19561377,2025-01-01 23:00:00,,23,2,weekday,night,1,69,78.5,2025-01-02 00:18:30,2025-01-01 23:00:00,2025-01-02 00:18:30
R01,1/2/2025 0:00,,cloudy,53.0,24.38443239,32.39179413,2025-01-02 00:00:00,,0,3,weekday,night,2,69,78.5,2025-01-02 01:18:30,2025-01-02 00:00:00,2025-01-02 01:18:30
R03,1/2/2025 1:00,12:00 AM,cloudy,73.0,24.91160443,33.72766062,2025-01-02 01:00:00,2025-01-02 00:00:00,1,3,weekday,night,2,137,-60.0,2025-01-02 00:00:00,2025-01-02 01:00:00,2025-01-02 00:00:00
R03,1/2/2025 2:00,1:57 AM,rainy,59.0,24.97806177,32.61610539,2025-01-02 02:00:00,2025-01-02 01:57:00,2,3,weekday,night,3,137,-3.0,2025-01-02 01:57:00,2025-01-02 02:00:00,2025-01-02 01:57:00
R02,1/2/2025 3:00,4:37 AM,rainy,66.0,25.68535322,32.49343752,2025-01-02 03:00:00,2025-01-02 04:37:00,3,3,weekday,night,3,46,97.0,2025-01-02 04:37:00,2025-01-02 03:00:00,2025-01-02 04:37:00
R03,1/2/2025 4:00,3:55 AM,rainy,59.0,24.91000905,31.3164211,2025-01-02 04:00:00,2025-01-02 03:55:00,4,3,weekday,night,3,137,-5.0,2025-01-02 03:55:00,2025-01-02 04:00:00,2025-01-02 03:55:00
R03,1/2/2025 5:00,12:00 AM,cloudy,63.0,24.84180075,32.97034031,2025-01-02 05:00:00,2025-01-02 00:00:00,5,3,weekday,morning,2,137,-96.0,2025-01-02 03:24:00,2025-01-02 05:00:00,2025-01-02 03:24:00
R03,1/2/2025 6:00,8:37 AM,rainy,59.0,23.19995612,33.46630948,2025-01-02 06:00:00,2025-01-02 08:37:00,6,3,weekday,morning,3,137,157.0,2025-01-02 08:37:00,2025-01-02 06:00:00,2025-01-02 08:37:00
R03,1/2/2025 7:00,08.35AM,cloudy,59.0,24.55522407,32.14126002,2025-01-02 07:00:00,2025-01-02 08:35:00,7,3,weekday,morning,2,137,95.0,2025-01-02 08:35:00,2025-01-02 07:00:00,2025-01-02 08:35:00
R03,1/2/2025 8:00,,sunny,59.0,23.450507,33.32683555,2025-01-02 08:00:00,,8,3,weekday,morning,1,137,53.0,2025-01-02 08:53:00,2025-01-02 08:00:00,2025-01-02 08:53:00
R01,1/2/2025 9:00,09.08AM,cloudy,53.0,25.21230131,33.89342996,2025-01-02 09:00:00,2025-01-02 09:08:00,9,3,weekday,morning,2,69,8.0,2025-01-02 09:08:00,2025-01-02 09:00:00,2025-01-02 09:08:00
R03,1/2/2025 10:00,,cloudy,59.0,24.53666576,31.61129938,2025-01-02 10:00:00,,10,3,weekday,morning,2,137,53.0,2025-01-02 10:53:00,2025-01-02 10:00:00,2025-01-02 10:53:00
R04,1/2/2025 11:00,,sunny,68.0,25.04068334,32.56998889,2025-01-02 11:00:00,,11,3,weekday,morning,1,48,36.0,2025-01-02 11:36:00,2025-01-02 11:00:00,2025-01-02 11:36:00
R03,1/2/2025 12:00,12:00 AM,cloudy,59.0,23.1250187,31.86141387,2025-01-02 12:00:00,,12,3,weekday,afternoon,2,137,87.0,2025-01-02 13:27:00,2025-01-02 12:00:00,2025-01-02 13:27:00
R04,1/2/2025 13:00,02.58PM,rainy,68.0,23.25437605,33.37856326,2025-01-02 13:00:00,2025-01-02 14:58:00,13,3,weekday,afternoon,3,48,118.0,2025-01-02 14:58:00,2025-01-02 13:00:00,2025-01-02 14:58:00
R01,1/2/2025 14:00,02.23PM,sunny,53.0,25.14897016,32.7327801,2025-01-02 14:00:00,2025-01-02 14:23:00,14,3,weekday,afternoon,1,69,23.0,2025-01-02 14:23:00,2025-01-02 14:00:00,2025-01-02 14:23:00
R02,1/2/2025 15:00,,sunny,66.0,23.21625301,32.90374725,2025-01-02 15:00:00,,15,3,weekday,afternoon,1,46,70.0,2025-01-02 16:10:00,2025-01-02 15:00:00,2025-01-02 16:10:00
R03,1/2/2025 16:00,5:46 PM,rainy,97.0,23.21377018,33.39374248,2025-01-02 16:00:00,2025-01-02 17:46:00,16,3,weekday,afternoon,3,137,106.0,2025-01-02 17:46:00,2025-01-02 16:00:00,2025-01-02 17:46:00
R01,1/2/2025 17:00,05.58PM,sunny,98.0,23.03632543,32.18791142,2025-01-02 17:00:00,2025-01-02 17:58:00,17,3,weekday,evening,1,69,58.0,2025-01-02 17:58:00,2025-01-02 17:00:00,2025-01-02 17:58:00
R03,1/2/2025 18:00,07.05PM,sunny,59.0,25.86950419,33.74527021,2025-01-02 18:00:00,2025-01-02 19:05:00,18,3,weekday,evening,1,137,65.0,2025-01-02 19:05:00,2025-01-02 18:00:00,2025-01-02 19:05:00
R02,1/2/2025 19:00,8:15 PM,sunny,66.0,25.21252508,32.5990866,2025-01-02 19:00:00,2025-01-02 20:15:00,19,3,weekday,evening,1,46,75.0,2025-01-02 20:15:00,2025-01-02 19:00:00,2025-01-02 20:15:00
R02,1/2/2025 20:00,12:00 AM,rainy,66.0,24.05975423,31.47386447,2025-01-02 20:00:00,,20,3,weekday,evening,3,46,123.0,2025-01-02 22:03:00,2025-01-02 20:00:00,2025-01-02 22:03:00
R01,1/2/2025 21:00,,rainy,66.0,23.88960674,33.08769735,2025-01-02 21:00:00,,21,3,weekday,evening,3,69,81.0,2025-01-02 22:21:00,2025-01-02 21:00:00,2025-01-02 22:21:00
R02,1/2/2025 22:00,12.13AM,sunny,55.0,24.04910969,33.37978405,2025-01-02 22:00:00,2025-01-03 00:13:00,22,3,weekday,night,1,46,133.0,2025-01-03 00:13:00,2025-01-02 22:00:00,2025-01-03 00:13:00
R04,1/2/2025 23:00,12:00 AM,sunny,79.0,25.32396059,31.95028503,2025-01-02 23:00:00,,23,3,weekday,night,1,48,19.5,2025-01-02 23:19:30,2025-01-02 23:00:00,2025-01-02 23:19:30
R02,1/3/2025 0:00,12:00 AM,cloudy,66.0,24.98411183,33.57153777,2025-01-03 00:00:00,2025-01-03 00:00:00,0,4,weekday,night,2,46,0.0,2025-01-03 00:00:00,2025-01-03 00:00:00,2025-01-03 00:00:00
R03,1/3/2025 1:00,,cloudy,59.0,23.5555867,33.71842976,2025-01-03 01:00:00,,1,4,weekday,night,2,137,17.5,2025-01-03 01:17:30,2025-01-03 01:00:00,2025-01-03 01:17:30
R03,1/3/2025 2:00,03.29AM,rainy,59.0,24.417358065000002,32.529663575,2025-01-03 02:00:00,2025-01-03 03:29:00,2,4,weekday,night,3,137,89.0,2025-01-03 03:29:00,2025-01-03 02:00:00,2025-01-03 03:29:00
R03,1/3/2025 3:00,05.07AM,rainy,34.0,23.29518695,33.95056442,2025-01-03 03:00:00,2025-01-03 05:07:00,3,4,weekday,night,3,137,127.0,2025-01-03 05:07:00,2025-01-03 03:00:00,2025-01-03 05:07:00
R03,1/3/2025 4:00,5:25 AM,rainy,59.0,24.98090816,31.42213458,2025-01-03 04:00:00,2025-01-03 05:25:00,4,4,weekday,night,3,137,85.0,2025-01-03 05:25:00,2025-01-03 04:00:00,2025-01-03 05:25:00
R04,1/3/2025 5:00,12:00 AM,cloudy,68.0,25.29311799,31.60604701,2025-01-03 05:00:00,2025-01-03 00:00:00,5,4,weekday,morning,2,48,-96.0,2025-01-03 03:24:00,2025-01-03 05:00:00,2025-01-03 03:24:00
R03,1/3/2025 6:00,12:00 AM,sunny,45.0,23.79513928,31.55267452,2025-01-03 06:00:00,2025-01-03 00:00:00,6,4,weekday,morning,1,137,-96.0,2025-01-03 04:24:00,2025-01-03 06:00:00,2025-01-03 04:24:00
R01,1/3/2025 7:00,09.09AM,sunny,53.0,23.06283488,33.68196913,2025-01-03 07:00:00,2025-01-03 09:09:00,7,4,weekday,morning,1,69,129.0,2025-01-03 09:09:00,2025-01-03 07:00:00,2025-01-03 09:09:00
R03,1/3/2025 8:00,8:22 AM,rainy,59.0,23.246515,32.96287766,2025-01-03 08:00:00,2025-01-03 08:22:00,8,4,weekday,morning,3,137,22.0,2025-01-03 08:22:00,2025-01-03 08:00:00,2025-01-03 08:22:00
R02,1/3/2025 9:00,11:40 AM,sunny,63.0,25.9035801,31.45631285,2025-01-03 09:00:00,2025-01-03 11:40:00,9,4,weekday,morning,1,46,160.0,2025-01-03 11:40:00,2025-01-03 09:00:00,2025-01-03 11:40:00
R03,1/3/2025 10:00,10:54 AM,rainy,59.0,23.88633433,32.32097026,2025-01-03 10:00:00,2025-01-03 10:54:00,10,4,weekday,morning,3,137,54.0,2025-01-03 10:54:00,2025-01-03 10:00:00,2025-01-03 10:54:00
R02,1/3/2025 11:00,11:32 AM,cloudy,66.0,25.30766944,32.84589408,2025-01-03 11:00:00,2025-01-03 11:32:00,11,4,weekday,morning,2,46,32.0,2025-01-03 11:32:00,2025-01-03 11:00:00,2025-01-03 11:32:00
R02,1/3/2025 12:00,,cloudy,107.0,24.87399071,31.25039225,2025-01-03 12:00:00,,12,4,weekday,afternoon,2,46,70.0,2025-01-03 13:10:00,2025-01-03 12:00:00,2025-01-03 13:10:00
R03,1/3/2025 13:00,2:59 PM,sunny,59.0,24.14581892,33.64724911,2025-01-03 13:00:00,2025-01-03 14:59:00,13,4,weekday,afternoon,1,137,119.0,2025-01-03 14:59:00,2025-01-03 13:00:00,2025-01-03 14:59:00
R04,1/3/2025 14:00,,cloudy,116.0,23.61706179,33.41081061,2025-01-03 14:00:00,,14,4,weekday,afternoon,2,48,79.0,2025-01-03 15:19:00,2025-01-03 14:00:00,2025-01-03 15:19:00
R02,1/3/2025 15:00,04.10PM,cloudy,66.0,23.36415925,32.51562032,2025-01-03 15:00:00,2025-01-03 16:10:00,15,4,weekday,afternoon,2,46,70.0,2025-01-03 16:10:00,2025-01-03 15:00:00,2025-01-03 16:10:00
R02,1/3/2025 16:00,06.23PM,sunny,80.0,24.8450389,33.90137985,2025-01-03 16:00:00,2025-01-03 18:23:00,16,4,weekday,afternoon,1,46,143.0,2025-01-03 18:23:00,2025-01-03 16:00:00,2025-01-03 18:23:00
R03,1/3/2025 17:00,,sunny,59.0,25.32390134,32.25328294,2025-01-03 17:00:00,,17,4,weekday,evening,1,137,121.0,2025-01-03 19:01:00,2025-01-03 17:00:00,2025-01-03 19:01:00
R02,1/3/2025 18:00,12:00 AM,sunny,66.0,24.93171276,33.95233096,2025-01-03 18:00:00,,18,4,weekday,evening,1,46,123.0,2025-01-03 20:03:00,2025-01-03 18:00:00,2025-01-03 20:03:00
R02,1/3/2025 19:00,8:43 PM,sunny,66.0,24.5909064,33.00376,2025-01-03 19:00:00,2025-01-03 20:43:00,19,4,weekday,evening,1,46,103.0,2025-01-03 20:43:00,2025-01-03 19:00:00,2025-01-03 20:43:00
R03,1/3/2025 20:00,9:49 PM,sunny,59.0,23.12585367,32.90401382,2025-01-03 20:00:00,2025-01-03 21:49:00,20,4,weekday,evening,1,137,109.0,2025-01-03 21:49:00,2025-01-03 20:00:00,2025-01-03 21:49:00
R03,1/3/2025 21:00,11.33PM,cloudy,59.0,25.90546633,31.49786469,2025-01-03 21:00:00,2025-01-03 23:33:00,21,4,weekday,evening,2,137,153.0,2025-01-03 23:33:00,2025-01-03 21:00:00,2025-01-03 23:33:00
R01,1/3/2025 22:00,12:00 AM,sunny,40.0,25.39614257,33.64578327,2025-01-03 22:00:00,,22,4,weekday,night,1,69,78.5,2025-01-03 23:18:30,2025-01-03 22:00:00,2025-01-03 23:18:30
R04,1/3/2025 23:00,11.25PM,sunny,68.0,23.87846611,32.28246906,2025-01-03 23:00:00,2025-01-03 23:25:00,23,4,weekday,night,1,48,25.0,2025-01-03 23:25:00,2025-01-03 23:00:00,2025-01-03 23:25:00
R04,1/4/2025 0:00,12:00 AM,cloudy,85.0,25.93991099,31.48670022,2025-01-04 00:00:00,2025-01-04 00:00:00,0,5,weekend,night,2,48,0.0,2025-01-04 00:00:00,2025-01-04 00:00:00,2025-01-04 00:00:00
R02,1/4/2025 1:00,1:26 AM,sunny,66.0,24.80564477,31.03782256,2025-01-04 01:00:00,2025-01-04 01:26:00,1,5,weekend,night,1,46,26.0,2025-01-04 01:26:00,2025-01-04 01:00:00,2025-01-04 01:26:00
R04,1/4/2025 2:00,2:12 AM,cloudy,1.0,24.74726797,32.67926705,2025-01-04 02:00:00,2025-01-04 02:12:00,2,5,weekend,night,2,48,12.0,2025-01-04 02:12:00,2025-01-04 02:00:00,2025-01-04 02:12:00
R02,1/4/2025 3:00,3:19 AM,cloudy,66.0,25.24421954,32.58219887,2025-01-04 03:00:00,2025-01-04 03:19:00,3,5,weekend,night,2,46,19.0,2025-01-04 03:19:00,2025-01-04 03:00:00,2025-01-04 03:19:00
R01,1/4/2025 4:00,5:13 AM,rainy,32.0,25.43530936,33.15806087,2025-01-04 04:00:00,2025-01-04 05:13:00,4,5,weekend,night,3,69,73.0,2025-01-04 05:13:00,2025-01-04 04:00:00,2025-01-04 05:13:00
R03,1/4/2025 5:00,12:00 AM,sunny,59.0,24.96943582,33.67077416,2025-01-04 05:00:00,2025-01-04 00:00:00,5,5,weekend,morning,1,137,-96.0,2025-01-04 03:24:00,2025-01-04 05:00:00,2025-01-04 03:24:00
R03,1/4/2025 6:00,8:09 AM,cloudy,59.0,23.38428724,31.23821975,2025-01-04 06:00:00,2025-01-04 08:09:00,6,5,weekend,morning,2,137,129.0,2025-01-04 08:09:00,2025-01-04 06:00:00,2025-01-04 08:09:00
R03,1/4/2025 7:00,8:05 AM,rainy,59.0,24.01480252,33.19448947,2025-01-04 07:00:00,2025-01-04 08:05:00,7,5,weekend,morning,3,137,65.0,2025-01-04 08:05:00,2025-01-04 07:00:00,2025-01-04 08:05:00
R04,1/4/2025 8:00,12:00 AM,cloudy,68.0,25.78425092,31.56223583,2025-01-04 08:00:00,,8,5,weekend,morning,2,48,179.0,2025-01-04 10:59:00,2025-01-04 08:00:00,2025-01-04 10:59:00
R01,1/4/2025 9:00,11:13 AM,sunny,53.0,23.67384684,33.57453116,2025-01-04 09:00:00,2025-01-04 11:13:00,9,5,weekend,morning,1,69,133.0,2025-01-04 11:13:00,2025-01-04 09:00:00,2025-01-04 11:13:00
R04,1/4/2025 10:00,,rainy,5.0,24.11650107,33.45719054,2025-01-04 10:00:00,,10,5,weekend,morning,3,48,179.0,2025-01-04 12:59:00,2025-01-04 10:00:00,2025-01-04 12:59:00
R04,1/4/2025 11:00,12:00 AM,rainy,68.0,24.29623065,32.62238126,2025-01-04 11:00:00,,11,5,weekend,morning,3,48,179.0,2025-01-04 13:59:00,2025-01-04 11:00:00,2025-01-04 13:59:00
R01,1/4/2025 12:00,12:00 AM,sunny,53.0,24.31821497,33.1307284,2025-01-04 12:00:00,,12,5,weekend,afternoon,1,69,65.0,2025-01-04 13:05:00,2025-01-04 12:00:00,2025-01-04 13:05:00
R01,1/4/2025 13:00,1:28 PM,cloudy,53.0,24.83881875,31.94305034,2025-01-04 13:00:00,2025-01-04 13:28:00,13,5,weekend,afternoon,2,69,28.0,2025-01-04 13:28:00,2025-01-04 13:00:00,2025-01-04 13:28:00
R01,1/4/2025 14:00,12:00 AM,sunny,53.0,25.82922751,32.4135037,2025-01-04 14:00:00,,14,5,weekend,afternoon,1,69,65.0,2025-01-04 15:05:00,2025-01-04 14:00:00,2025-01-04 15:05:00
R01,1/4/2025 15:00,4:51 PM,sunny,53.0,23.72207814,33.46491069,2025-01-04 15:00:00,2025-01-04 16:51:00,15,5,weekend,afternoon,1,69,111.0,2025-01-04 16:51:00,2025-01-04 15:00:00,2025-01-04 16:51:00
R03,1/4/2025 16:00,05.04PM,rainy,59.0,23.36450413,32.37779559,2025-01-04 16:00:00,2025-01-04 17:04:00,16,5,weekend,afternoon,3,137,64.0,2025-01-04 17:04:00,2025-01-04 16:00:00,2025-01-04 17:04:00
R03,1/4/2025 17:00,04.58PM,sunny,59.0,23.59241147,32.0733948,2025-01-04 17:00:00,2025-01-04 16:58:00,17,5,weekend,evening,1,137,-2.0,2025-01-04 16:58:00,2025-01-04 17:00:00,2025-01-04 16:58:00
R03,1/4/2025 18:00,8:14 PM,cloudy,59.0,25.6607747,32.48263734,2025-01-04 18:00:00,2025-01-04 20:14:00,18,5,weekend,evening,2,137,134.0,2025-01-04 20:14:00,2025-01-04 18:00:00,2025-01-04 20:14:00
R01,1/4/2025 19:00,9:43 PM,cloudy,11.0,24.93743244,33.48474776,2025-01-04 19:00:00,2025-01-04 21:43:00,19,5,weekend,evening,2,69,163.0,2025-01-04 21:43:00,2025-01-04 19:00:00,2025-01-04 21:43:00
R03,1/4/2025 20:00,10.06PM,rainy,59.0,23.85772037,32.00562414,2025-01-04 20:00:00,2025-01-04 22:06:00,20,5,weekend,evening,3,137,126.0,2025-01-04 22:06:00,2025-01-04 20:00:00,2025-01-04 22:06:00
R03,1/4/2025 21:00,8:54 PM,cloudy,109.0,25.44784082,31.52128478,2025-01-04 21:00:00,2025-01-04 20:54:00,21,5,weekend,evening,2,137,-6.0,2025-01-04 20:54:00,2025-01-04 21:00:00,2025-01-04 20:54:00
R01,1/4/2025 22:00,,rainy,118.0,25.58410999,33.13604206,2025-01-04 22:00:00,,22,5,weekend,night,3,69,-15.0,2025-01-04 21:45:00,2025-01-04 22:00:00,2025-01-04 21:45:00
R03,1/4/2025 23:00,12:38 AM,sunny,59.0,25.53954302,33.47793464,2025-01-04 23:00:00,2025-01-05 00:38:00,23,5,weekend,night,1,137,98.0,2025-01-05 00:38:00,2025-01-04 23:00:00,2025-01-05 00:38:00
R04,1/5/2025 0:00,12:00 AM,cloudy,68.0,25.7567796,31.30191244,2025-01-05 00:00:00,2025-01-05 00:00:00,0,6,weekend,night,2,48,0.0,2025-01-05 00:00:00,2025-01-05 00:00:00,2025-01-05 00:00:00
R02,1/5/2025 1:00,01.34AM,cloudy,36.0,23.75672306,31.71962234,2025-01-05 01:00:00,2025-01-05 01:34:00,1,6,weekend,night,2,46,34.0,2025-01-05 01:34:00,2025-01-05 01:00:00,2025-01-05 01:34:00
R02,1/5/2025 2:00,2:08 AM,sunny,66.0,25.26512579,31.42591597,2025-01-05 02:00:00,2025-01-05 02:08:00,2,6,weekend,night,1,46,8.0,2025-01-05 02:08:00,2025-01-05 02:00:00,2025-01-05 02:08:00
R01,1/5/2025 3:00,12:00 AM,sunny,60.0,24.38161849,32.04382423,2025-01-05 03:00:00,2025-01-05 00:00:00,3,6,weekend,night,1,69,-96.0,2025-01-05 01:24:00,2025-01-05 03:00:00,2025-01-05 01:24:00
R03,1/5/2025 4:00,12:00 AM,rainy,78.0,24.417358065000002,32.529663575,2025-01-05 04:00:00,2025-01-05 00:00:00,4,6,weekend,night,3,137,-96.0,2025-01-05 02:24:00,2025-01-05 04:00:00,2025-01-05 02:24:00
R01,1/5/2025 5:00,7:42 AM,cloudy,53.0,25.18547203,33.24647901,2025-01-05 05:00:00,2025-01-05 07:42:00,5,6,weekend,morning,2,69,162.0,2025-01-05 07:42:00,2025-01-05 05:00:00,2025-01-05 07:42:00
R03,1/5/2025 6:00,07.55AM,sunny,57.0,25.32934234,32.95344275,2025-01-05 06:00:00,2025-01-05 07:55:00,6,6,weekend,morning,1,137,115.0,2025-01-05 07:55:00,2025-01-05 06:00:00,2025-01-05 07:55:00
R02,1/5/2025 7:00,12:00 AM,rainy,66.0,24.96848551,32.8627857,2025-01-05 07:00:00,,7,6,weekend,morning,3,46,63.0,2025-01-05 08:03:00,2025-01-05 07:00:00,2025-01-05 08:03:00
R01,1/5/2025 8:00,12:00 AM,sunny,53.0,23.53228631,32.05712484,2025-01-05 08:00:00,,8,6,weekend,morning,1,69,147.5,2025-01-05 10:27:30,2025-01-05 08:00:00,2025-01-05 10:27:30
R04,1/5/2025 9:00,11:59 AM,cloudy,95.0,24.63508076,33.52434266,2025-01-05 09:00:00,2025-01-05 11:59:00,9,6,weekend,morning,2,48,179.0,2025-01-05 11:59:00,2025-01-05 09:00:00,2025-01-05 11:59:00
R03,1/5/2025 10:00,11:42 AM,sunny,59.0,25.95400922,32.4138615,2025-01-05 10:00:00,2025-01-05 11:42:00,10,6,weekend,morning,1,137,102.0,2025-01-05 11:42:00,2025-01-05 10:00:00,2025-01-05 11:42:00
R03,1/5/2025 11:00,1:35 PM,sunny,59.0,25.8121642,33.93731481,2025-01-05 11:00:00,2025-01-05 13:35:00,11,6,weekend,morning,1,137,155.0,2025-01-05 13:35:00,2025-01-05 11:00:00,2025-01-05 13:35:00
R03,1/5/2025 12:00,12:33 PM,rainy,59.0,23.12952121,32.90242641,2025-01-05 12:00:00,2025-01-05 12:33:00,12,6,weekend,afternoon,3,137,33.0,2025-01-05 12:33:00,2025-01-05 12:00:00,2025-01-05 12:33:00
R03,1/5/2025 13:00,12:00 AM,rainy,59.0,23.49444445,31.37879422,2025-01-05 13:00:00,,13,6,weekend,afternoon,3,137,30.0,2025-01-05 13:30:00,2025-01-05 13:00:00,2025-01-05 13:30:00
R01,1/5/2025 14:00,3:47 PM,sunny,53.0,23.39518632,33.02853269,2025-01-05 14:00:00,2025-01-05 15:47:00,14,6,weekend,afternoon,1,69,107.0,2025-01-05 15:47:00,2025-01-05 14:00:00,2025-01-05 15:47:00
R03,1/5/2025 15:00,12:00 AM,rainy,39.0,25.17793973,31.97531205,2025-01-05 15:00:00,,15,6,weekend,afternoon,3,137,30.0,2025-01-05 15:30:00,2025-01-05 15:00:00,2025-01-05 15:30:00
R04,1/5/2025 16:00,06.54PM,cloudy,68.0,25.45335599,33.05898159,2025-01-05 16:00:00,2025-01-05 18:54:00,16,6,weekend,afternoon,2,48,174.0,2025-01-05 18:54:00,2025-01-05 16:00:00,2025-01-05 18:54:00
R03,1/5/2025 17:00,05.38PM,rainy,59.0,23.6405341,31.20892344,2025-01-05 17:00:00,2025-01-05 17:38:00,17,6,weekend,evening,3,137,38.0,2025-01-05 17:38:00,2025-01-05 17:00:00,2025-01-05 17:38:00
R01,1/5/2025 18:00,5:50 PM,sunny,53.0,24.51755808,31.52464431,2025-01-05 18:00:00,2025-01-05 17:50:00,18,6,weekend,evening,1,69,-10.0,2025-01-05 17:50:00,2025-01-05 18:00:00,2025-01-05 17:50:00
R04,1/5/2025 19:00,12:00 AM,cloudy,118.0,25.52210908,33.56721178,2025-01-05 19:00:00,,19,6,weekend,evening,2,48,119.5,2025-01-05 20:59:30,2025-01-05 19:00:00,2025-01-05 20:59:30
R02,1/5/2025 20:00,,cloudy,108.0,25.19840463,31.68153867,2025-01-05 20:00:00,,20,6,weekend,evening,2,46,94.5,2025-01-05 21:34:30,2025-01-05 20:00:00,2025-01-05 21:34:30
R03,1/5/2025 21:00,09.05PM,sunny,59.0,24.62671162,33.51112338,2025-01-05 21:00:00,2025-01-05 21:05:00,21,6,weekend,evening,1,137,5.0,2025-01-05 21:05:00,2025-01-05 21:00:00,2025-01-05 21:05:00
R01,1/5/2025 22:00,12:25 AM,cloudy,53.0,24.77104307,31.83782827,2025-01-05 22:00:00,2025-01-06 00:25:00,22,6,weekend,night,2,69,145.0,2025-01-06 00:25:00,2025-01-05 22:00:00,2025-01-06 00:25:00
R02,1/5/2025 23:00,12.21AM,sunny,66.0,24.52508164,32.92864573,2025-01-05 23:00:00,2025-01-06 00:21:00,23,6,weekend,night,1,46,81.0,2025-01-06 00:21:00,2025-01-05 23:00:00,2025-01-06 00:21:00
R02,1/6/2025 0:00,12.49AM,cloudy,88.0,23.89264535,33.08245172,2025-01-06 00:00:00,2025-01-06 00:49:00,0,0,weekday,night,2,46,49.0,2025-01-06 00:49:00,2025-01-06 00:00:00,2025-01-06 00:49:00
R03,1/6/2025 1:00,2:30 AM,cloudy,34.0,24.69506598,32.53796426,2025-01-06 01:00:00,2025-01-06 02:30:00,1,0,weekday,night,2,137,90.0,2025-01-06 02:30:00,2025-01-06 01:00:00,2025-01-06 02:30:00
R04,1/6/2025 2:00,04.24AM,cloudy,68.0,25.06665591,31.91593203,2025-01-06 02:00:00,2025-01-06 04:24:00,2,0,weekday,night,2,48,144.0,2025-01-06 04:24:00,2025-01-06 02:00:00,2025-01-06 04:24:00
R03,1/6/2025 3:00,,cloudy,75.0,25.61996875,31.63793313,2025-01-06 03:00:00,,3,0,weekday,night,2,137,17.5,2025-01-06 03:17:30,2025-01-06 03:00:00,2025-01-06 03:17:30
R01,1/6/2025 4:00,6:26 AM,rainy,53.0,24.90887406,31.09956806,2025-01-06 04:00:00,2025-01-06 06:26:00,4,0,weekday,night,3,69,146.0,2025-01-06 06:26:00,2025-01-06 04:00:00,2025-01-06 06:26:00
R03,1/6/2025 5:00,07.03AM,cloudy,59.0,25.28336461,31.9118392,2025-01-06 05:00:00,2025-01-06 07:03:00,5,0,weekday,morning,2,137,123.0,2025-01-06 07:03:00,2025-01-06 05:00:00,2025-01-06 07:03:00
R04,1/6/2025 6:00,6:36 AM,sunny,68.0,23.4802149,32.95948837,2025-01-06 06:00:00,2025-01-06 06:36:00,6,0,weekday,morning,1,48,36.0,2025-01-06 06:36:00,2025-01-06 06:00:00,2025-01-06 06:36:00
R03,1/6/2025 7:00,07.45AM,rainy,104.0,24.38467242,33.81491446,2025-01-06 07:00:00,2025-01-06 07:45:00,7,0,weekday,morning,3,137,45.0,2025-01-06 07:45:00,2025-01-06 07:00:00,2025-01-06 07:45:00
R04,1/6/2025 8:00,9:38 AM,rainy,68.0,23.02799486,33.61361345,2025-01-06 08:00:00,2025-01-06 09:38:00,8,0,weekday,morning,3,48,98.0,2025-01-06 09:38:00,2025-01-06 08:00:00,2025-01-06 09:38:00
R04,1/6/2025 9:00,,sunny,68.0,23.74003659,33.29819433,2025-01-06 09:00:00,,9,0,weekday,morning,1,48,36.0,2025-01-06 09:36:00,2025-01-06 09:00:00,2025-01-06 09:36:00
R03,1/6/2025 10:00,10.54AM,sunny,106.0,25.17938515,33.36534203,2025-01-06 10:00:00,2025-01-06 10:54:00,10,0,weekday,morning,1,137,54.0,2025-01-06 10:54:00,2025-01-06 10:00:00,2025-01-06 10:54:00
R04,1/6/2025 11:00,12:00 AM,rainy,75.0,25.97542985,32.99495471,2025-01-06 11:00:00,,11,0,weekday,morning,3,48,36.0,2025-01-06 11:36:00,2025-01-06 11:00:00,2025-01-06 11:36:00
R03,1/6/2025 12:00,12:52 PM,sunny,59.0,23.2975343,31.78086057,2025-01-06 12:00:00,2025-01-06 12:52:00,12,0,weekday,afternoon,1,137,52.0,2025-01-06 12:52:00,2025-01-06 12:00:00,2025-01-06 12:52:00
R04,1/6/2025 13:00,1:16 PM,sunny,68.0,24.20448295,33.72158509,2025-01-06 13:00:00,2025-01-06 13:16:00,13,0,weekday,afternoon,1,48,16.0,2025-01-06 13:16:00,2025-01-06 13:00:00,2025-01-06 13:16:00
R03,1/6/2025 14:00,3:27 PM,sunny,59.0,25.40021291,33.01219694,2025-01-06 14:00:00,2025-01-06 15:27:00,14,0,weekday,afternoon,1,137,87.0,2025-01-06 15:27:00,2025-01-06 14:00:00,2025-01-06 15:27:00
R03,1/6/2025 15:00,4:58 PM,sunny,59.0,23.6121069,32.68132189,2025-01-06 15:00:00,2025-01-06 16:58:00,15,0,weekday,afternoon,1,137,118.0,2025-01-06 16:58:00,2025-01-06 15:00:00,2025-01-06 16:58:00
R03,1/6/2025 16:00,,rainy,59.0,24.66525485,31.33296841,2025-01-06 16:00:00,,16,0,weekday,afternoon,3,137,87.0,2025-01-06 17:27:00,2025-01-06 16:00:00,2025-01-06 17:27:00
R02,1/6/2025 17:00,6:24 PM,sunny,66.0,25.19921389,32.34116663,2025-01-06 17:00:00,2025-01-06 18:24:00,17,0,weekday,evening,1,46,84.0,2025-01-06 18:24:00,2025-01-06 17:00:00,2025-01-06 18:24:00
R02,1/6/2025 18:00,12:00 AM,sunny,69.0,24.84795635,32.38107481,2025-01-06 18:00:00,,18,0,weekday,evening,1,46,123.0,2025-01-06 20:03:00,2025-01-06 18:00:00,2025-01-06 20:03:00
R04,1/6/2025 19:00,09.34PM,cloudy,68.0,23.5640742,33.59369083,2025-01-06 19:00:00,2025-01-06 21:34:00,19,0,weekday,evening,2,48,154.0,2025-01-06 21:34:00,2025-01-06 19:00:00,2025-01-06 21:34:00
R01,1/6/2025 20:00,10:14 PM,sunny,53.0,24.06615371,32.63994466,2025-01-06 20:00:00,2025-01-06 22:14:00,20,0,weekday,evening,1,69,134.0,2025-01-06 22:14:00,2025-01-06 20:00:00,2025-01-06 22:14:00
R04,1/6/2025 21:00,10:39 PM,sunny,68.0,25.35137535,32.14120165,2025-01-06 21:00:00,2025-01-06 22:39:00,21,0,weekday,evening,1,48,99.0,2025-01-06 22:39:00,2025-01-06 21:00:00,2025-01-06 22:39:00
R03,1/6/2025 22:00,09.53PM,sunny,59.0,24.66267954,33.93040099,2025-01-06 22:00:00,2025-01-06 21:53:00,22,0,weekday,night,1,137,-7.0,2025-01-06 21:53:00,2025-01-06 22:00:00,2025-01-06 21:53:00
R03,1/6/2025 23:00,11.21PM,cloudy,49.0,23.01568884,31.33216178,2025-01-06 23:00:00,2025-01-06 23:21:00,23,0,weekday,night,2,137,21.0,2025-01-06 23:21:00,2025-01-06 23:00:00,2025-01-06 23:21:00
R03,1/7/2025 0:00,12:00 AM,sunny,59.0,25.28297228,32.26764528,2025-01-07 00:00:00,2025-01-07 00:00:00,0,1,weekday,night,1,137,0.0,2025-01-07 00:00:00,2025-01-07 00:00:00,2025-01-07 00:00:00
R03,1/7/2025 1:00,03.31AM,cloudy,59.0,23.10593406,31.12607403,2025-01-07 01:00:00,2025-01-07 03:31:00,1,1,weekday,night,2,137,151.0,2025-01-07 03:31:00,2025-01-07 01:00:00,2025-01-07 03:31:00
R03,1/7/2025 2:00,03.52AM,sunny,59.0,25.23720135,33.21971236,2025-01-07 02:00:00,2025-01-07 03:52:00,2,1,weekday,night,1,137,112.0,2025-01-07 03:52:00,2025-01-07 02:00:00,2025-01-07 03:52:00
R03,1/7/2025 3:00,3:43 AM,sunny,59.0,23.60744168,33.75422966,2025-01-07 03:00:00,2025-01-07 03:43:00,3,1,weekday,night,1,137,43.0,2025-01-07 03:43:00,2025-01-07 03:00:00,2025-01-07 03:43:00
R02,1/7/2025 4:00,,sunny,118.0,25.87422044,31.84011199,2025-01-07 04:00:00,,4,1,weekday,night,1,46,62.0,2025-01-07 05:02:00,2025-01-07 04:00:00,2025-01-07 05:02:00
R03,1/7/2025 5:00,12:00 AM,rainy,59.0,24.10382225,33.57502503,2025-01-07 05:00:00,2025-01-07 00:00:00,5,1,weekday,morning,3,137,-96.0,2025-01-07 03:24:00,2025-01-07 05:00:00,2025-01-07 03:24:00
R01,1/7/2025 6:00,,sunny,33.0,24.49476705,32.51879818,2025-01-07 06:00:00,,6,1,weekday,morning,1,69,62.0,2025-01-07 07:02:00,2025-01-07 06:00:00,2025-01-07 07:02:00
R01,1/7/2025 7:00,08.14AM,cloudy,53.0,23.44666415,33.73231048,2025-01-07 07:00:00,2025-01-07 08:14:00,7,1,weekday,morning,2,69,74.0,2025-01-07 08:14:00,2025-01-07 07:00:00,2025-01-07 08:14:00
R01,1/7/2025 8:00,12:00 AM,sunny,53.0,23.91681265,33.26188571,2025-01-07 08:00:00,,8,1,weekday,morning,1,69,62.0,2025-01-07 09:02:00,2025-01-07 08:00:00,2025-01-07 09:02:00
R01,1/7/2025 9:00,09.27AM,sunny,53.0,25.62995229,33.41472033,2025-01-07 09:00:00,2025-01-07 09:27:00,9,1,weekday,morning,1,69,27.0,2025-01-07 09:27:00,2025-01-07 09:00:00,2025-01-07 09:27:00
R03,1/7/2025 10:00,12:00 AM,rainy,59.0,25.98900301,31.05401967,2025-01-07 10:00:00,,10,1,weekday,morning,3,137,53.0,2025-01-07 10:53:00,2025-01-07 10:00:00,2025-01-07 10:53:00
R01,1/7/2025 11:00,11:41 AM,sunny,45.0,24.10492859,33.88843107,2025-01-07 11:00:00,2025-01-07 11:41:00,11,1,weekday,morning,1,69,41.0,2025-01-07 11:41:00,2025-01-07 11:00:00,2025-01-07 11:41:00
R03,1/7/2025 12:00,01.08PM,sunny,59.0,24.34583189,33.18001298,2025-01-07 12:00:00,2025-01-07 13:08:00,12,1,weekday,afternoon,1,137,68.0,2025-01-07 13:08:00,2025-01-07 12:00:00,2025-01-07 13:08:00
R04,1/7/2025 13:00,1:40 PM,sunny,68.0,25.16621281,31.91425329,2025-01-07 13:00:00,2025-01-07 13:40:00,13,1,weekday,afternoon,1,48,40.0,2025-01-07 13:40:00,2025-01-07 13:00:00,2025-01-07 13:40:00
R01,1/7/2025 14:00,04.01PM,cloudy,53.0,25.65858734,33.48818399,2025-01-07 14:00:00,2025-01-07 16:01:00,14,1,weekday,afternoon,2,69,121.0,2025-01-07 16:01:00,2025-01-07 14:00:00,2025-01-07 16:01:00
R03,1/7/2025 15:00,4:03 PM,sunny,59.0,24.779133,31.8445636,2025-01-07 15:00:00,2025-01-07 16:03:00,15,1,weekday,afternoon,1,137,63.0,2025-01-07 16:03:00,2025-01-07 15:00:00,2025-01-07 16:03:00
R03,1/7/2025 16:00,04.58PM,cloudy,40.0,24.17457709,33.61826152,2025-01-07 16:00:00,2025-01-07 16:58:00,16,1,weekday,afternoon,2,137,58.0,2025-01-07 16:58:00,2025-01-07 16:00:00,2025-01-07 16:58:00
R01,1/7/2025 17:00,12:00 AM,sunny,72.0,24.23786552,31.33774117,2025-01-07 17:00:00,,17,1,weekday,evening,1,69,81.0,2025-01-07 18:21:00,2025-01-07 17:00:00,2025-01-07 18:21:00
R04,1/7/2025 18:00,12:00 AM,cloudy,68.0,25.08685444,33.11105793,2025-01-07 18:00:00,,18,1,weekday,evening,2,48,75.5,2025-01-07 19:15:30,2025-01-07 18:00:00,2025-01-07 19:15:30
R01,1/7/2025 19:00,12:00 AM,rainy,53.0,23.00965479,32.62209543,2025-01-07 19:00:00,,19,1,weekday,evening,3,69,81.0,2025-01-07 20:21:00,2025-01-07 19:00:00,2025-01-07 20:21:00
R03,1/7/2025 20:00,10:13 PM,sunny,59.0,24.85876801,31.28960341,2025-01-07 20:00:00,2025-01-07 22:13:00,20,1,weekday,evening,1,137,133.0,2025-01-07 22:13:00,2025-01-07 20:00:00,2025-01-07 22:13:00
R02,1/7/2025 21:00,11:24 PM,cloudy,12.0,24.06647903,31.72568148,2025-01-07 21:00:00,2025-01-07 23:24:00,21,1,weekday,evening,2,46,144.0,2025-01-07 23:24:00,2025-01-07 21:00:00,2025-01-07 23:24:00
R03,1/7/2025 22:00,10.50PM,rainy,59.0,25.38259199,31.03721211,2025-01-07 22:00:00,2025-01-07 22:50:00,22,1,weekday,night,3,137,50.0,2025-01-07 22:50:00,2025-01-07 22:00:00,2025-01-07 22:50:00
R03,1/7/2025 23:00,11:10 PM,cloudy,59.0,23.27897192,32.4063039,2025-01-07 23:00:00,2025-01-07 23:10:00,23,1,weekday,night,2,137,10.0,2025-01-07 23:10:00,2025-01-07 23:00:00,2025-01-07 23:10:00
R01,1/8/2025 0:00,2:39 AM,cloudy,53.0,24.7646068,31.90379578,2025-01-08 00:00:00,2025-01-08 02:39:00,0,2,weekday,night,2,69,159.0,2025-01-08 02:39:00,2025-01-08 00:00:00,2025-01-08 02:39:00
R03,1/8/2025 1:00,,cloudy,59.0,24.44291867,32.79507245,2025-01-08 01:00:00,,1,2,weekday,night,2,137,17.5,2025-01-08 01:17:30,2025-01-08 01:00:00,2025-01-08 01:17:30
R01,1/8/2025 2:00,4:02 AM,sunny,53.0,24.92697658,31.89171342,2025-01-08 02:00:00,2025-01-08 04:02:00,2,2,weekday,night,1,69,122.0,2025-01-08 04:02:00,2025-01-08 02:00:00,2025-01-08 04:02:00
R01,1/8/2025 3:00,03.35AM,sunny,88.0,23.19456078,31.89975733,2025-01-08 03:00:00,2025-01-08 03:35:00,3,2,weekday,night,1,69,35.0,2025-01-08 03:35:00,2025-01-08 03:00:00,2025-01-08 03:35:00
R02,1/8/2025 4:00,12:00 AM,sunny,66.0,24.73995136,33.2295796,2025-01-08 04:00:00,2025-01-08 00:00:00,4,2,weekday,night,1,46,-96.0,2025-01-08 02:24:00,2025-01-08 04:00:00,2025-01-08 02:24:00
R03,1/8/2025 5:00,,sunny,59.0,24.68445376,31.14442851,2025-01-08 05:00:00,,5,2,weekday,morning,1,137,53.0,2025-01-08 05:53:00,2025-01-08 05:00:00,2025-01-08 05:53:00
R03,1/8/2025 6:00,07.50AM,cloudy,59.0,24.68198028,33.70868499,2025-01-08 06:00:00,2025-01-08 07:50:00,6,2,weekday,morning,2,137,110.0,2025-01-08 07:50:00,2025-01-08 06:00:00,2025-01-08 07:50:00
R02,1/8/2025 7:00,,sunny,45.0,24.810463,33.55679162,2025-01-08 07:00:00,,7,2,weekday,morning,1,46,51.0,2025-01-08 07:51:00,2025-01-08 07:00:00,2025-01-08 07:51:00
R03,1/8/2025 8:00,8:52 AM,cloudy,59.0,25.02940381,33.00341405,2025-01-08 08:00:00,2025-01-08 08:52:00,8,2,weekday,morning,2,137,52.0,2025-01-08 08:52:00,2025-01-08 08:00:00,2025-01-08 08:52:00
R01,1/8/2025 9:00,,rainy,116.0,25.414967,32.77966471,2025-01-08 09:00:00,,9,2,weekday,morning,3,69,62.0,2025-01-08 10:02:00,2025-01-08 09:00:00,2025-01-08 10:02:00
R04,1/8/2025 10:00,9:57 AM,cloudy,11.0,23.80946216,33.67690749,2025-01-08 10:00:00,2025-01-08 09:57:00,10,2,weekday,morning,2,48,-3.0,2025-01-08 09:57:00,2025-01-08 10:00:00,2025-01-08 09:57:00
R01,1/8/2025 11:00,12:00 AM,cloudy,53.0,25.47514823,31.55599054,2025-01-08 11:00:00,,11,2,weekday,morning,2,69,62.0,2025-01-08 12:02:00,2025-01-08 11:00:00,2025-01-08 12:02:00
R01,1/8/2025 12:00,12.45PM,rainy,53.0,24.49476705,31.23690749,2025-01-08 12:00:00,2025-01-08 12:45:00,12,2,weekday,afternoon,3,69,45.0,2025-01-08 12:45:00,2025-01-08 12:00:00,2025-01-08 12:45:00
R03,1/8/2025 13:00,12:00 AM,cloudy,59.0,23.23117484,31.71853051,2025-01-08 13:00:00,,13,2,weekday,afternoon,2,137,87.0,2025-01-08 14:27:00,2025-01-08 13:00:00,2025-01-08 14:27:00
R01,1/8/2025 14:00,3:59 PM,sunny,42.0,23.17565279,33.38373484,2025-01-08 14:00:00,2025-01-08 15:59:00,14,2,weekday,afternoon,1,69,119.0,2025-01-08 15:59:00,2025-01-08 14:00:00,2025-01-08 15:59:00
R02,1/8/2025 15:00,,sunny,66.0,24.00271496,31.1040108,2025-01-08 15:00:00,,15,2,weekday,afternoon,1,46,70.0,2025-01-08 16:10:00,2025-01-08 15:00:00,2025-01-08 16:10:00
R02,1/8/2025 16:00,12:00 AM,cloudy,66.0,25.35469093,32.74842051,2025-01-08 16:00:00,,16,2,weekday,afternoon,2,46,70.0,2025-01-08 17:10:00,2025-01-08 16:00:00,2025-01-08 17:10:00
R03,1/8/2025 17:00,07.20PM,sunny,59.0,25.1230428,33.98631255,2025-01-08 17:00:00,2025-01-08 19:20:00,17,2,weekday,evening,1,137,140.0,2025-01-08 19:20:00,2025-01-08 17:00:00,2025-01-08 19:20:00
R04,1/8/2025 18:00,06.07PM,cloudy,68.0,25.36584489,33.56708828,2025-01-08 18:00:00,2025-01-08 18:07:00,18,2,weekday,evening,2,48,7.0,2025-01-08 18:07:00,2025-01-08 18:00:00,2025-01-08 18:07:00
R01,1/8/2025 19:00,12:00 AM,sunny,53.0,24.55180717,32.56433707,2025-01-08 19:00:00,,19,2,weekday,evening,1,69,81.0,2025-01-08 20:21:00,2025-01-08 19:00:00,2025-01-08 20:21:00
R01,1/8/2025 20:00,9:48 PM,rainy,67.0,24.32059699,31.19092273,2025-01-08 20:00:00,2025-01-08 21:48:00,20,2,weekday,evening,3,69,108.0,2025-01-08 21:48:00,2025-01-08 20:00:00,2025-01-08 21:48:00
R03,1/8/2025 21:00,9:28 PM,cloudy,26.0,23.44235758,33.49412054,2025-01-08 21:00:00,2025-01-08 21:28:00,21,2,weekday,evening,2,137,28.0,2025-01-08 21:28:00,2025-01-08 21:00:00,2025-01-08 21:28:00
R02,1/8/2025 22:00,11.15PM,sunny,66.0,23.98457826,32.79693552,2025-01-08 22:00:00,2025-01-08 23:15:00,22,2,weekday,night,1,46,75.0,2025-01-08 23:15:00,2025-01-08 22:00:00,2025-01-08 23:15:00
R04,1/8/2025 23:00,11:14 PM,sunny,68.0,24.3020581,31.34479899,2025-01-08 23:00:00,2025-01-08 23:14:00,23,2,weekday,night,1,48,14.0,2025-01-08 23:14:00,2025-01-08 23:00:00,2025-01-08 23:14:00
R03,1/9/2025 0:00,12.14AM,cloudy,59.0,23.26580129,31.28157185,2025-01-09 00:00:00,2025-01-09 00:14:00,0,3,weekday,night,2,137,14.0,2025-01-09 00:14:00,2025-01-09 00:00:00,2025-01-09 00:14:00
R02,1/9/2025 1:00,02.38AM,sunny,66.0,23.66183586,33.72888046,2025-01-09 01:00:00,2025-01-09 02:38:00,1,3,weekday,night,1,46,98.0,2025-01-09 02:38:00,2025-01-09 01:00:00,2025-01-09 02:38:00
R03,1/9/2025 2:00,,cloudy,59.0,24.79467588,33.00760079,2025-01-09 02:00:00,,2,3,weekday,night,2,137,17.5,2025-01-09 02:17:30,2025-01-09 02:00:00,2025-01-09 02:17:30
R03,1/9/2025 3:00,12:00 AM,sunny,59.0,25.20698934,33.4878604,2025-01-09 03:00:00,2025-01-09 00:00:00,3,3,weekday,night,1,137,-96.0,2025-01-09 01:24:00,2025-01-09 03:00:00,2025-01-09 01:24:00
R03,1/9/2025 4:00,12:00 AM,sunny,41.0,25.99504253,33.6369367,2025-01-09 04:00:00,2025-01-09 00:00:00,4,3,weekday,night,1,137,-96.0,2025-01-09 02:24:00,2025-01-09 04:00:00,2025-01-09 02:24:00
R01,1/9/2025 5:00,06.30AM,sunny,53.0,25.79933999,32.71531706,2025-01-09 05:00:00,2025-01-09 06:30:00,5,3,weekday,morning,1,69,90.0,2025-01-09 06:30:00,2025-01-09 05:00:00,2025-01-09 06:30:00
R04,1/9/2025 6:00,06.53AM,rainy,68.0,24.9276956,32.55233906,2025-01-09 06:00:00,2025-01-09 06:53:00,6,3,weekday,morning,3,48,53.0,2025-01-09 06:53:00,2025-01-09 06:00:00,2025-01-09 06:53:00
R03,1/9/2025 7:00,7:48 AM,cloudy,59.0,24.26374416,32.29128223,2025-01-09 07:00:00,2025-01-09 07:48:00,7,3,weekday,morning,2,137,48.0,2025-01-09 07:48:00,2025-01-09 07:00:00,2025-01-09 07:48:00
R02,1/9/2025 8:00,9:50 AM,cloudy,66.0,24.80564477,32.51562032,2025-01-09 08:00:00,2025-01-09 09:50:00,8,3,weekday,morning,2,46,110.0,2025-01-09 09:50:00,2025-01-09 08:00:00,2025-01-09 09:50:00
R03,1/9/2025 9:00,,cloudy,25.0,25.35695485,32.30378788,2025-01-09 09:00:00,,9,3,weekday,morning,2,137,53.0,2025-01-09 09:53:00,2025-01-09 09:00:00,2025-01-09 09:53:00
R01,1/9/2025 10:00,12:00 AM,cloudy,53.0,23.35500857,33.32163897,2025-01-09 10:00:00,,10,3,weekday,morning,2,69,62.0,2025-01-09 11:02:00,2025-01-09 10:00:00,2025-01-09 11:02:00
R01,1/9/2025 11:00,12:00 AM,cloudy,41.0,24.22971467,32.80577029,2025-01-09 11:00:00,,11,3,weekday,morning,2,69,62.0,2025-01-09 12:02:00,2025-01-09 11:00:00,2025-01-09 12:02:00
R03,1/9/2025 12:00,,sunny,59.0,25.51940686,33.67756987,2025-01-09 12:00:00,,12,3,weekday,afternoon,1,137,87.0,2025-01-09 13:27:00,2025-01-09 12:00:00,2025-01-09 13:27:00
R03,1/9/2025 13:00,12:00 AM,rainy,59.0,24.15149886,32.33014004,2025-01-09 13:00:00,,13,3,weekday,afternoon,3,137,87.0,2025-01-09 14:27:00,2025-01-09 13:00:00,2025-01-09 14:27:00
R04,1/9/2025 14:00,12:00 AM,cloudy,68.0,24.71561681,32.82126874,2025-01-09 14:00:00,,14,3,weekday,afternoon,2,48,79.0,2025-01-09 15:19:00,2025-01-09 14:00:00,2025-01-09 15:19:00
R03,1/9/2025 15:00,,sunny,59.0,24.76330808,32.89392266,2025-01-09 15:00:00,,15,3,weekday,afternoon,1,137,87.0,2025-01-09 16:27:00,2025-01-09 15:00:00,2025-01-09 16:27:00
R03,1/9/2025 16:00,12:00 AM,sunny,46.0,23.55342876,32.77509149,2025-01-09 16:00:00,,16,3,weekday,afternoon,1,137,87.0,2025-01-09 17:27:00,2025-01-09 16:00:00,2025-01-09 17:27:00
R03,1/9/2025 17:00,12:00 AM,sunny,97.0,24.08670632,33.10790132,2025-01-09 17:00:00,,17,3,weekday,evening,1,137,121.0,2025-01-09 19:01:00,2025-01-09 17:00:00,2025-01-09 19:01:00
R03,1/9/2025 18:00,07.42PM,sunny,59.0,24.00353387,31.71230041,2025-01-09 18:00:00,2025-01-09 19:42:00,18,3,weekday,evening,1,137,102.0,2025-01-09 19:42:00,2025-01-09 18:00:00,2025-01-09 19:42:00
R03,1/9/2025 19:00,09.48PM,cloudy,59.0,23.07859013,32.53709133,2025-01-09 19:00:00,2025-01-09 21:48:00,19,3,weekday,evening,2,137,168.0,2025-01-09 21:48:00,2025-01-09 19:00:00,2025-01-09 21:48:00
R03,1/9/2025 20:00,12:00 AM,sunny,59.0,23.07257529,31.31267441,2025-01-09 20:00:00,,20,3,weekday,evening,1,137,121.0,2025-01-09 22:01:00,2025-01-09 20:00:00,2025-01-09 22:01:00
R02,1/9/2025 21:00,11:48 PM,sunny,9.0,25.49509113,32.15353398,2025-01-09 21:00:00,2025-01-09 23:48:00,21,3,weekday,evening,1,46,168.0,2025-01-09 23:48:00,2025-01-09 21:00:00,2025-01-09 23:48:00
R03,1/9/2025 22:00,10.59PM,cloudy,59.0,23.81921243,32.46300121,2025-01-09 22:00:00,2025-01-09 22:59:00,22,3,weekday,night,2,137,59.0,2025-01-09 22:59:00,2025-01-09 22:00:00,2025-01-09 22:59:00
R03,1/9/2025 23:00,11:08 PM,sunny,59.0,24.5542363,32.95667278,2025-01-09 23:00:00,2025-01-09 23:08:00,23,3,weekday,night,1,137,8.0,2025-01-09 23:08:00,2025-01-09 23:00:00,2025-01-09 23:08:00
R03,1/10/2025 0:00,12:00 AM,sunny,59.0,23.89617672,33.85159316,2025-01-10 00:00:00,2025-01-10 00:00:00,0,4,weekday,night,1,137,0.0,2025-01-10 00:00:00,2025-01-10 00:00:00,2025-01-10 00:00:00
R03,1/10/2025 1:00,03.11AM,cloudy,38.0,25.82203774,32.8019532,2025-01-10 01:00:00,2025-01-10 03:11:00,1,4,weekday,night,2,137,131.0,2025-01-10 03:11:00,2025-01-10 01:00:00,2025-01-10 03:11:00
R01,1/10/2025 2:00,12:00 AM,rainy,53.0,23.77789028,33.23078175,2025-01-10 02:00:00,2025-01-10 00:00:00,2,4,weekday,night,3,69,-96.0,2025-01-10 00:24:00,2025-01-10 02:00:00,2025-01-10 00:24:00
R01,1/10/2025 3:00,2:52 AM,sunny,53.0,24.28897044,32.51879818,2025-01-10 03:00:00,2025-01-10 02:52:00,3,4,weekday,night,1,69,-8.0,2025-01-10 02:52:00,2025-01-10 03:00:00,2025-01-10 02:52:00
R02,1/10/2025 4:00,3:59 AM,rainy,38.0,25.61819075,32.90231209,2025-01-10 04:00:00,2025-01-10 03:59:00,4,4,weekday,night,3,46,-1.0,2025-01-10 03:59:00,2025-01-10 04:00:00,2025-01-10 03:59:00
R01,1/10/2025 5:00,,sunny,53.0,25.5258007,31.21279665,2025-01-10 05:00:00,,5,4,weekday,morning,1,69,62.0,2025-01-10 06:02:00,2025-01-10 05:00:00,2025-01-10 06:02:00
R03,1/10/2025 6:00,06.02AM,cloudy,59.0,23.55830425,31.76317474,2025-01-10 06:00:00,2025-01-10 06:02:00,6,4,weekday,morning,2,137,2.0,2025-01-10 06:02:00,2025-01-10 06:00:00,2025-01-10 06:02:00
R03,1/10/2025 7:00,,sunny,2.0,25.40792993,32.08555928,2025-01-10 07:00:00,,7,4,weekday,morning,1,137,53.0,2025-01-10 07:53:00,2025-01-10 07:00:00,2025-01-10 07:53:00
R01,1/10/2025 8:00,9:02 AM,sunny,69.0,24.37456066,32.41748007,2025-01-10 08:00:00,2025-01-10 09:02:00,8,4,weekday,morning,1,69,62.0,2025-01-10 09:02:00,2025-01-10 08:00:00,2025-01-10 09:02:00
R01,1/10/2025 9:00,11.12AM,cloudy,12.0,24.44890662,31.13694624,2025-01-10 09:00:00,2025-01-10 11:12:00,9,4,weekday,morning,2,69,132.0,2025-01-10 11:12:00,2025-01-10 09:00:00,2025-01-10 11:12:00
R02,1/10/2025 10:00,12:00 AM,rainy,59.0,23.40043992,31.42007229,2025-01-10 10:00:00,,10,4,weekday,morning,3,46,51.0,2025-01-10 10:51:00,2025-01-10 10:00:00,2025-01-10 10:51:00
R02,1/10/2025 11:00,11.51AM,rainy,66.0,23.24180454,31.83044292,2025-01-10 11:00:00,2025-01-10 11:51:00,11,4,weekday,morning,3,46,51.0,2025-01-10 11:51:00,2025-01-10 11:00:00,2025-01-10 11:51:00
R03,1/10/2025 12:00,12:00 AM,sunny,59.0,25.18381792,33.91459807,2025-01-10 12:00:00,,12,4,weekday,afternoon,1,137,87.0,2025-01-10 13:27:00,2025-01-10 12:00:00,2025-01-10 13:27:00
R03,1/10/2025 13:00,12:00 AM,sunny,59.0,24.48938346,31.99404102,2025-01-10 13:00:00,,13,4,weekday,afternoon,1,137,87.0,2025-01-10 14:27:00,2025-01-10 13:00:00,2025-01-10 14:27:00
R02,1/10/2025 14:00,,sunny,66.0,24.31055211,32.44612317,2025-01-10 14:00:00,,14,4,weekday,afternoon,1,46,70.0,2025-01-10 15:10:00,2025-01-10 14:00:00,2025-01-10 15:10:00
R01,1/10/2025 15:00,5:19 PM,cloudy,53.0,25.18852469,31.58829314,2025-01-10 15:00:00,2025-01-10 17:19:00,15,4,weekday,afternoon,2,69,139.0,2025-01-10 17:19:00,2025-01-10 15:00:00,2025-01-10 17:19:00
R03,1/10/2025 16:00,5:34 PM,sunny,101.0,25.2965387,32.83234021,2025-01-10 16:00:00,2025-01-10 17:34:00,16,4,weekday,afternoon,1,137,94.0,2025-01-10 17:34:00,2025-01-10 16:00:00,2025-01-10 17:34:00
R03,1/10/2025 17:00,12:00 AM,rainy,59.0,23.4767245,31.84204965,2025-01-10 17:00:00,,17,4,weekday,evening,3,137,121.0,2025-01-10 19:01:00,2025-01-10 17:00:00,2025-01-10 19:01:00
R01,1/10/2025 18:00,12:00 AM,sunny,53.0,24.83067545,31.62097774,2025-01-10 18:00:00,,18,4,weekday,evening,1,69,81.0,2025-01-10 19:21:00,2025-01-10 18:00:00,2025-01-10 19:21:00
R02,1/10/2025 19:00,09.23PM,rainy,76.0,23.40606225,32.54971789,2025-01-10 19:00:00,2025-01-10 21:23:00,19,4,weekday,evening,3,46,143.0,2025-01-10 21:23:00,2025-01-10 19:00:00,2025-01-10 21:23:00
R01,1/10/2025 20:00,8:31 PM,sunny,53.0,25.25412526,31.0165174,2025-01-10 20:00:00,2025-01-10 20:31:00,20,4,weekday,evening,1,69,31.0,2025-01-10 20:31:00,2025-01-10 20:00:00,2025-01-10 20:31:00
R03,1/10/2025 21:00,12:00 AM,sunny,59.0,24.97086547,31.0229921,2025-01-10 21:00:00,,21,4,weekday,evening,1,137,121.0,2025-01-10 23:01:00,2025-01-10 21:00:00,2025-01-10 23:01:00
R04,1/10/2025 22:00,12:00 AM,rainy,15.0,25.86984386,31.65720643,2025-01-10 22:00:00,,22,4,weekday,night,3,48,19.5,2025-01-10 22:19:30,2025-01-10 22:00:00,2025-01-10 22:19:30
R04,1/10/2025 23:00,12:00 AM,sunny,68.0,23.20687405,31.11016409,2025-01-10 23:00:00,,23,4,weekday,night,1,48,19.5,2025-01-10 23:19:30,2025-01-10 23:00:00,2025-01-10 23:19:30
R03,1/11/2025 0:00,2:22 AM,sunny,59.0,23.17116416,31.32407726,2025-01-11 00:00:00,2025-01-11 02:22:00,0,5,weekend,night,1,137,142.0,2025-01-11 02:22:00,2025-01-11 00:00:00,2025-01-11 02:22:00
R01,1/11/2025 1:00,12:00 AM,sunny,53.0,23.84656122,32.01658195,2025-01-11 01:00:00,2025-01-11 00:00:00,1,5,weekend,night,1,69,-60.0,2025-01-11 00:00:00,2025-01-11 01:00:00,2025-01-11 00:00:00
R01,1/11/2025 2:00,12:00 AM,cloudy,103.0,23.78511705,33.40775704,2025-01-11 02:00:00,2025-01-11 00:00:00,2,5,weekend,night,2,69,-96.0,2025-01-11 00:24:00,2025-01-11 02:00:00,2025-01-11 00:24:00
R03,1/11/2025 3:00,12:00 AM,rainy,59.0,23.7409364,32.71614593,2025-01-11 03:00:00,2025-01-11 00:00:00,3,5,weekend,night,3,137,-96.0,2025-01-11 01:24:00,2025-01-11 03:00:00,2025-01-11 01:24:00
R03,1/11/2025 4:00,04.22AM,rainy,59.0,25.71876374,32.53800318,2025-01-11 04:00:00,2025-01-11 04:22:00,4,5,weekend,night,3,137,22.0,2025-01-11 04:22:00,2025-01-11 04:00:00,2025-01-11 04:22:00
R03,1/11/2025 5:00,7:33 AM,rainy,59.0,23.7486386,31.88046647,2025-01-11 05:00:00,2025-01-11 07:33:00,5,5,weekend,morning,3,137,153.0,2025-01-11 07:33:00,2025-01-11 05:00:00,2025-01-11 07:33:00
R03,1/11/2025 6:00,7:26 AM,cloudy,13.0,23.81584918,33.79526116,2025-01-11 06:00:00,2025-01-11 07:26:00,6,5,weekend,morning,2,137,86.0,2025-01-11 07:26:00,2025-01-11 06:00:00,2025-01-11 07:26:00
R01,1/11/2025 7:00,9:52 AM,cloudy,53.0,25.27819479,32.19104512,2025-01-11 07:00:00,2025-01-11 09:52:00,7,5,weekend,morning,2,69,172.0,2025-01-11 09:52:00,2025-01-11 07:00:00,2025-01-11 09:52:00
R03,1/11/2025 8:00,,cloudy,59.0,24.34921953,31.2612783,2025-01-11 08:00:00,,8,5,weekend,morning,2,137,94.0,2025-01-11 09:34:00,2025-01-11 08:00:00,2025-01-11 09:34:00
R03,1/11/2025 9:00,8:59 AM,cloudy,59.0,25.33013167,32.85119955,2025-01-11 09:00:00,2025-01-11 08:59:00,9,5,weekend,morning,2,137,-1.0,2025-01-11 08:59:00,2025-01-11 09:00:00,2025-01-11 08:59:00
R01,1/11/2025 10:00,11.26AM,sunny,53.0,24.49476705,32.51879818,2025-01-11 10:00:00,2025-01-11 11:26:00,10,5,weekend,morning,1,69,86.0,2025-01-11 11:26:00,2025-01-11 10:00:00,2025-01-11 11:26:00
R03,1/11/2025 11:00,12:00 AM,sunny,59.0,24.46271358,32.03566943,2025-01-11 11:00:00,,11,5,weekend,morning,1,137,94.0,2025-01-11 12:34:00,2025-01-11 11:00:00,2025-01-11 12:34:00
R03,1/11/2025 12:00,12:00 AM,cloudy,59.0,23.1008408,32.52223582,2025-01-11 12:00:00,,12,5,weekend,afternoon,2,137,30.0,2025-01-11 12:30:00,2025-01-11 12:00:00,2025-01-11 12:30:00
R03,1/11/2025 13:00,12:54 PM,rainy,59.0,23.18795961,33.62266757,2025-01-11 13:00:00,2025-01-11 12:54:00,13,5,weekend,afternoon,3,137,-6.0,2025-01-11 12:54:00,2025-01-11 13:00:00,2025-01-11 12:54:00
R01,1/11/2025 14:00,3:05 PM,rainy,53.0,25.71931236,32.48063974,2025-01-11 14:00:00,2025-01-11 15:05:00,14,5,weekend,afternoon,3,69,65.0,2025-01-11 15:05:00,2025-01-11 14:00:00,2025-01-11 15:05:00
R03,1/11/2025 15:00,12:00 AM,cloudy,59.0,23.41773611,33.1067763,2025-01-11 15:00:00,,15,5,weekend,afternoon,2,137,30.0,2025-01-11 15:30:00,2025-01-11 15:00:00,2025-01-11 15:30:00
R01,1/11/2025 16:00,04.25PM,rainy,53.0,24.59726205,33.97845052,2025-01-11 16:00:00,2025-01-11 16:25:00,16,5,weekend,afternoon,3,69,25.0,2025-01-11 16:25:00,2025-01-11 16:00:00,2025-01-11 16:25:00
R04,1/11/2025 17:00,12:00 AM,cloudy,68.0,24.23328681,31.39446736,2025-01-11 17:00:00,,17,5,weekend,evening,2,48,119.5,2025-01-11 18:59:30,2025-01-11 17:00:00,2025-01-11 18:59:30
R02,1/11/2025 18:00,07.33PM,rainy,66.0,24.04202998,31.82419458,2025-01-11 18:00:00,2025-01-11 19:33:00,18,5,weekend,evening,3,46,93.0,2025-01-11 19:33:00,2025-01-11 18:00:00,2025-01-11 19:33:00
R02,1/11/2025 19:00,12:00 AM,sunny,66.0,25.69950004,32.18372823,2025-01-11 19:00:00,,19,5,weekend,evening,1,46,94.5,2025-01-11 20:34:30,2025-01-11 19:00:00,2025-01-11 20:34:30
R02,1/11/2025 20:00,09.36PM,sunny,66.0,23.06547019,32.26548454,2025-01-11 20:00:00,2025-01-11 21:36:00,20,5,weekend,evening,1,46,96.0,2025-01-11 21:36:00,2025-01-11 20:00:00,2025-01-11 21:36:00
R03,1/11/2025 21:00,11.59PM,sunny,59.0,24.99136906,32.23306323,2025-01-11 21:00:00,2025-01-11 23:59:00,21,5,weekend,evening,1,137,179.0,2025-01-11 23:59:00,2025-01-11 21:00:00,2025-01-11 23:59:00
R04,1/11/2025 22:00,12:00 AM,sunny,9.0,25.8901833,33.72283301,2025-01-11 22:00:00,,22,5,weekend,night,1,48,0.0,2025-01-11 22:00:00,2025-01-11 22:00:00,2025-01-11 22:00:00
R01,1/11/2025 23:00,12:29 AM,sunny,53.0,24.68050455,33.14209793,2025-01-11 23:00:00,2025-01-12 00:29:00,23,5,weekend,night,1,69,89.0,2025-01-12 00:29:00,2025-01-11 23:00:00,2025-01-12 00:29:00
R03,1/12/2025 0:00,12:00 AM,sunny,13.0,25.81046739,32.82371564,2025-01-12 00:00:00,2025-01-12 00:00:00,0,6,weekend,night,1,137,0.0,2025-01-12 00:00:00,2025-01-12 00:00:00,2025-01-12 00:00:00
R01,1/12/2025 1:00,12:00 AM,cloudy,53.0,23.15677364,31.92811815,2025-01-12 01:00:00,2025-01-12 00:00:00,1,6,weekend,night,2,69,-60.0,2025-01-12 00:00:00,2025-01-12 01:00:00,2025-01-12 00:00:00
R03,1/12/2025 2:00,2:40 AM,cloudy,59.0,24.25637996,33.47137115,2025-01-12 02:00:00,2025-01-12 02:40:00,2,6,weekend,night,2,137,40.0,2025-01-12 02:40:00,2025-01-12 02:00:00,2025-01-12 02:40:00
R01,1/12/2025 3:00,03.30AM,rainy,24.0,23.78047337,33.86518153,2025-01-12 03:00:00,2025-01-12 03:30:00,3,6,weekend,night,3,69,30.0,2025-01-12 03:30:00,2025-01-12 03:00:00,2025-01-12 03:30:00
R04,1/12/2025 4:00,03.50AM,rainy,7.0,25.19246289,33.46359485,2025-01-12 04:00:00,2025-01-12 03:50:00,4,6,weekend,night,3,48,-10.0,2025-01-12 03:50:00,2025-01-12 04:00:00,2025-01-12 03:50:00
R03,1/12/2025 5:00,06.19AM,cloudy,59.0,25.94389127,31.00469532,2025-01-12 05:00:00,2025-01-12 06:19:00,5,6,weekend,morning,2,137,79.0,2025-01-12 06:19:00,2025-01-12 05:00:00,2025-01-12 06:19:00
R03,1/12/2025 6:00,6:46 AM,cloudy,67.0,23.76959019,32.90920411,2025-01-12 06:00:00,2025-01-12 06:46:00,6,6,weekend,morning,2,137,46.0,2025-01-12 06:46:00,2025-01-12 06:00:00,2025-01-12 06:46:00
R01,1/12/2025 7:00,12:00 AM,sunny,31.0,24.9625238,31.15340614,2025-01-12 07:00:00,,7,6,weekend,morning,1,69,147.5,2025-01-12 09:27:30,2025-01-12 07:00:00,2025-01-12 09:27:30
R01,1/12/2025 8:00,12:00 AM,sunny,53.0,23.5942929,31.77282166,2025-01-12 08:00:00,,8,6,weekend,morning,1,69,147.5,2025-01-12 10:27:30,2025-01-12 08:00:00,2025-01-12 10:27:30
R03,1/12/2025 9:00,,sunny,59.0,24.69599076,31.1785741,2025-01-12 09:00:00,,9,6,weekend,morning,1,137,94.0,2025-01-12 10:34:00,2025-01-12 09:00:00,2025-01-12 10:34:00
R03,1/12/2025 10:00,12:49 PM,rainy,59.0,24.39179746,32.81138636,2025-01-12 10:00:00,2025-01-12 12:49:00,10,6,weekend,morning,3,137,169.0,2025-01-12 12:49:00,2025-01-12 10:00:00,2025-01-12 12:49:00
R03,1/12/2025 11:00,,sunny,59.0,25.91601599,33.05976974,2025-01-12 11:00:00,,11,6,weekend,morning,1,137,94.0,2025-01-12 12:34:00,2025-01-12 11:00:00,2025-01-12 12:34:00
R04,1/12/2025 12:00,12:52 PM,sunny,68.0,24.82558182,31.34346291,2025-01-12 12:00:00,2025-01-12 12:52:00,12,6,weekend,afternoon,1,48,52.0,2025-01-12 12:52:00,2025-01-12 12:00:00,2025-01-12 12:52:00
R03,1/12/2025 13:00,01.27PM,sunny,59.0,24.04851912,32.15151665,2025-01-12 13:00:00,2025-01-12 13:27:00,13,6,weekend,afternoon,1,137,27.0,2025-01-12 13:27:00,2025-01-12 13:00:00,2025-01-12 13:27:00
R03,1/12/2025 14:00,12:00 AM,sunny,59.0,23.34228735,32.36870953,2025-01-12 14:00:00,,14,6,weekend,afternoon,1,137,30.0,2025-01-12 14:30:00,2025-01-12 14:00:00,2025-01-12 14:30:00
R03,1/12/2025 15:00,12:00 AM,sunny,49.0,23.45374049,32.10715907,2025-01-12 15:00:00,,15,6,weekend,afternoon,1,137,30.0,2025-01-12 15:30:00,2025-01-12 15:00:00,2025-01-12 15:30:00
R02,1/12/2025 16:00,06.48PM,cloudy,78.0,23.67595079,31.363075,2025-01-12 16:00:00,2025-01-12 18:48:00,16,6,weekend,afternoon,2,46,168.0,2025-01-12 18:48:00,2025-01-12 16:00:00,2025-01-12 18:48:00
R04,1/12/2025 17:00,07.49PM,sunny,68.0,23.75289998,32.25684337,2025-01-12 17:00:00,2025-01-12 19:49:00,17,6,weekend,evening,1,48,169.0,2025-01-12 19:49:00,2025-01-12 17:00:00,2025-01-12 19:49:00
R01,1/12/2025 18:00,,sunny,53.0,25.55184817,33.25353414,2025-01-12 18:00:00,,18,6,weekend,evening,1,69,143.0,2025-01-12 20:23:00,2025-01-12 18:00:00,2025-01-12 20:23:00
R03,1/12/2025 19:00,12:00 AM,cloudy,59.0,24.68366836,31.21302299,2025-01-12 19:00:00,,19,6,weekend,evening,2,137,38.0,2025-01-12 19:38:00,2025-01-12 19:00:00,2025-01-12 19:38:00
R01,1/12/2025 20:00,10.23PM,cloudy,15.0,24.57017273,31.24054004,2025-01-12 20:00:00,2025-01-12 22:23:00,20,6,weekend,evening,2,69,143.0,2025-01-12 22:23:00,2025-01-12 20:00:00,2025-01-12 22:23:00
R04,1/12/2025 21:00,10:10 PM,sunny,102.0,23.34430662,32.06431388,2025-01-12 21:00:00,2025-01-12 22:10:00,21,6,weekend,evening,1,48,70.0,2025-01-12 22:10:00,2025-01-12 21:00:00,2025-01-12 22:10:00
R03,1/12/2025 22:00,11.47PM,sunny,51.0,25.58041908,33.82517713,2025-01-12 22:00:00,2025-01-12 23:47:00,22,6,weekend,night,1,137,107.0,2025-01-12 23:47:00,2025-01-12 22:00:00,2025-01-12 23:47:00
R04,1/12/2025 23:00,,rainy,68.0,25.16844291,33.00571794,2025-01-12 23:00:00,,23,6,weekend,night,3,48,0.0,2025-01-12 23:00:00,2025-01-12 23:00:00,2025-01-12 23:00:00
R03,1/13/2025 0:00,12:00 AM,rainy,59.0,23.20300509,33.03600987,2025-01-13 00:00:00,2025-01-13 00:00:00,0,0,weekday,night,3,137,0.0,2025-01-13 00:00:00,2025-01-13 00:00:00,2025-01-13 00:00:00
R03,1/13/2025 1:00,03.10AM,sunny,59.0,25.12350529,32.08575997,2025-01-13 01:00:00,2025-01-13 03:10:00,1,0,weekday,night,1,137,130.0,2025-01-13 03:10:00,2025-01-13 01:00:00,2025-01-13 03:10:00
R03,1/13/2025 2:00,12:00 AM,sunny,59.0,24.63061465,32.78098237,2025-01-13 02:00:00,2025-01-13 00:00:00,2,0,weekday,night,1,137,-96.0,2025-01-13 00:24:00,2025-01-13 02:00:00,2025-01-13 00:24:00
R01,1/13/2025 3:00,5:27 AM,cloudy,85.0,23.24517604,31.03039355,2025-01-13 03:00:00,2025-01-13 05:27:00,3,0,weekday,night,2,69,147.0,2025-01-13 05:27:00,2025-01-13 03:00:00,2025-01-13 05:27:00
R01,1/13/2025 4:00,12:00 AM,sunny,53.0,24.37490192,32.90828814,2025-01-13 04:00:00,2025-01-13 00:00:00,4,0,weekday,night,1,69,-96.0,2025-01-13 02:24:00,2025-01-13 04:00:00,2025-01-13 02:24:00
R03,1/13/2025 5:00,,sunny,90.0,24.45408886,33.73986084,2025-01-13 05:00:00,,5,0,weekday,morning,1,137,53.0,2025-01-13 05:53:00,2025-01-13 05:00:00,2025-01-13 05:53:00
R03,1/13/2025 6:00,08.44AM,sunny,59.0,23.49732362,32.83772041,2025-01-13 06:00:00,2025-01-13 08:44:00,6,0,weekday,morning,1,137,164.0,2025-01-13 08:44:00,2025-01-13 06:00:00,2025-01-13 08:44:00
R04,1/13/2025 7:00,08.42AM,sunny,68.0,25.83709444,33.62109578,2025-01-13 07:00:00,2025-01-13 08:42:00,7,0,weekday,morning,1,48,102.0,2025-01-13 08:42:00,2025-01-13 07:00:00,2025-01-13 08:42:00
R04,1/13/2025 8:00,12:00 AM,sunny,38.0,25.54992611,33.17191917,2025-01-13 08:00:00,,8,0,weekday,morning,1,48,36.0,2025-01-13 08:36:00,2025-01-13 08:00:00,2025-01-13 08:36:00
R03,1/13/2025 9:00,8:57 AM,sunny,59.0,25.00706701,31.36167525,2025-01-13 09:00:00,2025-01-13 08:57:00,9,0,weekday,morning,1,137,-3.0,2025-01-13 08:57:00,2025-01-13 09:00:00,2025-01-13 08:57:00
R03,1/13/2025 10:00,,cloudy,84.0,24.38688668,33.70735992,2025-01-13 10:00:00,,10,0,weekday,morning,2,137,53.0,2025-01-13 10:53:00,2025-01-13 10:00:00,2025-01-13 10:53:00
R01,1/13/2025 11:00,10.59AM,sunny,44.0,24.23529662,31.19933153,2025-01-13 11:00:00,2025-01-13 10:59:00,11,0,weekday,morning,1,69,-1.0,2025-01-13 10:59:00,2025-01-13 11:00:00,2025-01-13 10:59:00
